Student_ID,Course_ID,Grade
1,3,3.3
1,7,3.0
1,16,4.0
1,22,4.0
2,16,4.0
2,10,4.0
2,4,3.7
2,64,4.0
3,13,4.0
3,18,3.7
3,14,4.0
3,100,3.7
4,12,4.0
4,5,4.0
4,10,4.0
4,62,4.0
5,17,4.0
5,14,4.0
5,15,4.0
5,100,4.0
6,10,3.7
6,13,3.3
6,12,3.3
6,100,4.0
7,6,4.0
7,10,3.7
7,2,4.0
7,42,3.3
8,16,4.0
8,12,4.0
8,15,4.0
8,39,4.0
9,11,4.0
9,2,3.7
9,20,4.0
9,83,2.0
10,9,4.0
10,20,4.0
10,4,4.0
10,53,3.7
11,12,3.7
11,6,3.7
11,18,4.0
11,85,4.0
12,10,3.0
12,20,4.0
12,4,4.0
12,69,4.0
13,3,3.7
13,14,4.0
13,2,4.0
13,75,4.0
14,18,3.7
14,12,4.0
14,11,4.0
14,78,4.0
15,19,4.0
15,12,4.0
15,17,4.0
15,77,4.0
16,6,4.0
16,8,3.3
16,2,4.0
16,89,4.0
17,9,3.0
17,15,4.0
17,11,4.0
17,53,4.0
18,7,3.3
18,17,4.0
18,6,4.0
18,94,4.0
19,17,4.0
19,3,4.0
19,6,4.0
19,44,4.0
20,12,4.0
20,19,4.0
20,15,4.0
20,82,4.0
21,11,4.0
21,10,3.7
21,1,3.3
21,73,3.3
22,8,3.7
22,11,3.7
22,6,4.0
22,27,4.0
23,12,4.0
23,7,2.7
23,18,4.0
23,65,3.7
24,1,4.0
24,9,3.3
24,17,4.0
24,92,4.0
25,17,4.0
25,19,3.3
25,10,4.0
25,65,3.0
26,14,4.0
26,8,3.7
26,13,4.0
26,36,4.0
27,20,4.0
27,3,4.0
27,1,3.7
27,84,4.0
28,8,3.3
28,10,4.0
28,19,4.0
28,25,4.0
29,4,4.0
29,8,3.7
29,17,4.0
29,89,4.0
30,8,3.7
30,4,2.7
30,2,3.7
30,52,3.7
31,12,4.0
31,4,4.0
31,18,3.7
31,43,3.7
32,1,3.0
32,18,4.0
32,4,3.0
32,72,3.0
33,16,4.0
33,11,4.0
33,7,3.7
33,26,4.0
34,20,4.0
34,10,2.7
34,5,4.0
34,52,4.0
35,4,3.3
35,7,3.7
35,8,3.3
35,67,4.0
36,12,4.0
36,5,3.7
36,7,3.3
36,22,3.3
37,16,4.0
37,9,4.0
37,20,4.0
37,77,4.0
38,8,2.7
38,5,4.0
38,1,3.3
38,62,3.3
39,10,3.7
39,7,3.0
39,3,4.0
39,82,3.3
40,17,4.0
40,10,3.3
40,7,3.7
40,99,4.0
41,16,4.0
41,20,4.0
41,18,3.0
41,58,3.3
42,17,4.0
42,15,4.0
42,9,3.7
42,85,3.7
43,16,4.0
43,14,4.0
43,10,2.7
43,95,4.0
44,19,4.0
44,10,4.0
44,7,3.7
44,98,2.3
45,19,4.0
45,20,4.0
45,12,4.0
45,71,3.7
46,13,4.0
46,5,3.7
46,2,4.0
46,47,4.0
47,9,4.0
47,18,3.7
47,3,4.0
47,96,4.0
48,20,4.0
48,1,3.3
48,7,3.3
48,82,3.3
49,9,3.3
49,6,4.0
49,3,3.7
49,29,4.0
50,17,4.0
50,15,4.0
50,2,4.0
50,60,4.0
51,11,4.0
51,8,3.7
51,13,3.7
51,54,3.7
52,3,4.0
52,9,4.0
52,13,4.0
52,83,2.3
53,9,3.7
53,2,3.0
53,4,2.7
53,36,4.0
54,10,3.7
54,20,4.0
54,5,4.0
54,23,4.0
55,4,2.7
55,11,4.0
55,19,4.0
55,74,3.3
56,10,4.0
56,17,4.0
56,16,4.0
56,68,4.0
57,6,4.0
57,8,4.0
57,9,4.0
57,22,3.7
58,7,4.0
58,8,3.7
58,19,4.0
58,34,4.0
59,12,4.0
59,19,4.0
59,1,4.0
59,61,4.0
60,16,3.7
60,8,4.0
60,19,4.0
60,73,3.0
61,8,3.7
61,11,4.0
61,20,4.0
61,60,3.3
62,9,4.0
62,12,4.0
62,20,4.0
62,82,4.0
63,7,3.3
63,4,3.3
63,6,4.0
63,23,4.0
64,15,4.0
64,4,2.7
64,8,3.7
64,32,3.7
65,13,4.0
65,15,4.0
65,12,4.0
65,67,3.0
66,4,2.7
66,13,3.7
66,8,3.0
66,59,3.7
67,15,4.0
67,17,4.0
67,9,4.0
67,45,4.0
68,4,3.7
68,19,4.0
68,14,4.0
68,59,4.0
69,13,3.7
69,15,4.0
69,2,3.7
69,50,4.0
70,6,4.0
70,7,3.3
70,10,4.0
70,90,3.3
71,15,4.0
71,16,4.0
71,1,3.7
71,94,4.0
72,20,4.0
72,16,4.0
72,18,3.7
72,55,3.7
73,12,4.0
73,10,3.0
73,7,2.7
73,49,4.0
74,13,3.7
74,17,4.0
74,16,4.0
74,90,3.3
75,6,4.0
75,7,2.7
75,4,4.0
75,39,4.0
76,2,3.7
76,14,4.0
76,18,4.0
76,65,3.3
77,9,4.0
77,18,4.0
77,12,4.0
77,80,4.0
78,1,3.0
78,20,4.0
78,18,3.3
78,37,3.3
79,16,4.0
79,13,4.0
79,19,3.3
79,99,3.7
80,6,4.0
80,15,4.0
80,16,3.7
80,98,3.7
81,10,3.3
81,2,4.0
81,7,2.3
81,58,4.0
82,10,3.3
82,6,4.0
82,4,3.3
82,91,4.0
83,8,4.0
83,18,3.7
83,2,4.0
83,92,4.0
84,7,3.3
84,18,3.7
84,16,4.0
84,61,4.0
85,18,4.0
85,3,4.0
85,5,4.0
85,97,4.0
86,9,4.0
86,11,4.0
86,8,3.0
86,29,4.0
87,3,2.7
87,1,4.0
87,10,4.0
87,23,3.7
88,16,4.0
88,17,4.0
88,1,3.0
88,73,4.0
89,4,3.3
89,16,4.0
89,14,4.0
89,51,4.0
90,10,3.3
90,11,4.0
90,6,4.0
90,54,4.0
91,9,4.0
91,13,4.0
91,20,4.0
91,62,3.0
92,11,4.0
92,20,4.0
92,18,4.0
92,48,2.7
93,9,4.0
93,16,4.0
93,11,4.0
93,21,3.3
94,2,4.0
94,7,3.3
94,3,3.7
94,26,3.7
95,17,4.0
95,8,4.0
95,13,4.0
95,71,3.7
96,5,4.0
96,1,3.3
96,19,4.0
96,72,3.0
97,9,3.7
97,4,2.7
97,19,4.0
97,37,3.7
98,16,4.0
98,13,4.0
98,2,4.0
98,86,4.0
99,17,4.0
99,8,3.3
99,3,3.7
99,33,3.3
100,12,4.0
100,18,4.0
100,17,4.0
100,53,4.0
101,4,3.3
101,19,4.0
101,1,3.3
101,46,4.0
102,9,3.7
102,8,3.0
102,10,3.7
102,100,4.0
103,12,4.0
103,10,3.7
103,7,3.0
103,55,4.0
104,6,4.0
104,13,4.0
104,20,4.0
104,76,3.7
105,3,3.3
105,9,4.0
105,2,3.7
105,35,3.7
106,13,3.7
106,7,3.3
106,9,4.0
106,94,4.0
107,9,3.7
107,13,4.0
107,11,4.0
107,93,4.0
108,8,4.0
108,15,4.0
108,20,3.7
108,62,3.7
109,10,4.0
109,2,4.0
109,15,4.0
109,22,4.0
110,16,4.0
110,11,4.0
110,1,4.0
110,50,4.0
111,6,4.0
111,2,4.0
111,3,3.3
111,50,4.0
112,11,4.0
112,3,3.0
112,7,3.3
112,34,4.0
113,7,3.7
113,10,3.7
113,14,4.0
113,26,3.7
114,13,4.0
114,7,2.3
114,17,4.0
114,34,3.7
115,6,4.0
115,8,3.3
115,14,4.0
115,85,3.0
116,10,4.0
116,19,4.0
116,13,4.0
116,98,3.3
117,19,4.0
117,4,3.0
117,9,3.7
117,51,3.3
118,13,3.3
118,2,4.0
118,8,3.3
118,56,2.7
119,1,4.0
119,16,3.3
119,12,4.0
119,82,4.0
120,8,3.0
120,20,4.0
120,3,4.0
120,80,4.0
121,13,3.7
121,14,4.0
121,7,3.3
121,29,3.0
122,4,4.0
122,11,4.0
122,12,4.0
122,65,3.3
123,6,4.0
123,2,4.0
123,4,3.3
123,78,4.0
124,1,3.0
124,19,4.0
124,13,4.0
124,28,4.0
125,17,4.0
125,12,4.0
125,14,4.0
125,32,3.0
126,5,4.0
126,6,3.3
126,4,3.3
126,42,3.7
127,18,4.0
127,4,3.0
127,13,4.0
127,28,3.3
128,19,4.0
128,3,3.3
128,1,3.3
128,99,4.0
129,9,4.0
129,2,4.0
129,17,4.0
129,28,3.3
130,11,4.0
130,7,3.3
130,6,4.0
130,47,4.0
131,8,3.3
131,3,4.0
131,5,4.0
131,40,4.0
132,12,4.0
132,1,4.0
132,20,4.0
132,94,4.0
133,15,4.0
133,11,4.0
133,17,4.0
133,54,3.7
134,11,3.7
134,1,3.0
134,2,4.0
134,75,4.0
135,2,3.0
135,16,4.0
135,5,4.0
135,36,4.0
136,9,4.0
136,4,3.7
136,15,4.0
136,84,4.0
137,19,4.0
137,9,3.7
137,15,4.0
137,80,4.0
138,19,4.0
138,16,4.0
138,9,4.0
138,76,4.0
139,3,4.0
139,15,4.0
139,9,4.0
139,57,4.0
140,6,4.0
140,16,4.0
140,7,2.3
140,91,4.0
141,4,2.3
141,3,4.0
141,16,4.0
141,77,4.0
142,9,4.0
142,1,4.0
142,5,3.7
142,69,4.0
143,20,4.0
143,18,4.0
143,13,3.3
143,23,4.0
144,18,3.3
144,19,4.0
144,17,4.0
144,44,4.0
145,1,3.7
145,16,3.0
145,13,3.7
145,60,3.7
146,7,3.0
146,10,4.0
146,13,4.0
146,21,3.7
147,14,4.0
147,8,3.3
147,18,3.7
147,25,3.7
148,1,4.0
148,10,3.7
148,7,3.3
148,41,3.3
149,12,3.7
149,8,4.0
149,13,3.7
149,55,3.3
150,5,3.3
150,11,4.0
150,13,4.0
150,58,4.0
151,10,4.0
151,8,3.7
151,16,4.0
151,66,3.7
152,12,3.3
152,5,4.0
152,7,3.0
152,23,3.7
153,20,4.0
153,2,3.7
153,8,3.7
153,29,3.3
154,13,4.0
154,6,3.3
154,17,4.0
154,75,4.0
155,13,4.0
155,7,3.0
155,6,4.0
155,81,4.0
156,10,4.0
156,11,4.0
156,14,4.0
156,58,4.0
157,14,4.0
157,17,4.0
157,10,4.0
157,26,4.0
158,7,2.7
158,19,4.0
158,2,3.3
158,68,2.3
159,19,4.0
159,12,4.0
159,9,4.0
159,29,3.7
160,2,3.0
160,4,4.0
160,1,3.7
160,66,4.0
161,20,4.0
161,6,4.0
161,9,4.0
161,50,4.0
162,7,3.7
162,9,4.0
162,8,3.3
162,35,2.7
163,5,4.0
163,19,4.0
163,13,4.0
163,22,4.0
164,13,3.3
164,4,3.7
164,20,4.0
164,45,4.0
165,15,4.0
165,1,4.0
165,19,4.0
165,83,3.7
166,18,3.3
166,9,4.0
166,19,4.0
166,94,4.0
167,9,4.0
167,19,3.7
167,13,3.3
167,24,4.0
168,20,4.0
168,1,4.0
168,10,3.7
168,35,3.0
169,8,2.7
169,11,4.0
169,17,4.0
169,37,4.0
170,10,4.0
170,15,3.0
170,14,4.0
170,66,2.7
171,6,3.3
171,17,3.7
171,10,2.7
171,44,4.0
172,16,4.0
172,14,4.0
172,17,4.0
172,31,3.7
173,19,4.0
173,16,4.0
173,15,4.0
173,82,4.0
174,12,4.0
174,9,4.0
174,8,4.0
174,92,3.3
175,12,3.3
175,1,3.0
175,4,3.0
175,100,4.0
176,11,3.7
176,5,3.7
176,4,2.7
176,21,3.0
177,6,4.0
177,10,4.0
177,11,4.0
177,24,4.0
178,7,3.3
178,19,4.0
178,5,4.0
178,86,4.0
179,18,4.0
179,4,3.7
179,17,4.0
179,33,3.3
180,1,3.7
180,9,4.0
180,3,4.0
180,50,4.0
181,3,3.3
181,11,4.0
181,5,3.7
181,38,4.0
182,14,4.0
182,15,4.0
182,4,3.3
182,71,3.7
183,9,3.7
183,15,4.0
183,18,3.3
183,75,4.0
184,7,2.3
184,2,3.3
184,14,4.0
184,57,4.0
185,4,3.0
185,6,4.0
185,11,4.0
185,36,4.0
186,13,4.0
186,14,4.0
186,5,3.0
186,64,4.0
187,20,4.0
187,16,4.0
187,15,4.0
187,44,4.0
188,7,2.7
188,16,4.0
188,20,4.0
188,85,4.0
189,19,4.0
189,3,3.7
189,4,3.7
189,78,3.7
190,19,4.0
190,2,4.0
190,15,4.0
190,79,4.0
191,6,4.0
191,11,4.0
191,18,4.0
191,52,4.0
192,2,3.3
192,6,4.0
192,1,4.0
192,67,3.7
193,7,4.0
193,11,3.7
193,17,4.0
193,35,3.7
194,12,4.0
194,13,4.0
194,7,3.3
194,95,4.0
195,19,4.0
195,16,4.0
195,7,2.7
195,75,4.0
196,14,4.0
196,15,4.0
196,19,4.0
196,85,4.0
197,19,4.0
197,20,4.0
197,1,3.7
197,87,4.0
198,16,4.0
198,17,4.0
198,14,4.0
198,55,3.3
199,20,3.7
199,9,3.3
199,6,4.0
199,30,3.3
200,16,4.0
200,14,4.0
200,12,4.0
200,39,3.7
201,23,3.7
201,38,4.0
201,26,3.3
201,19,4.0
202,28,3.0
202,26,2.0
202,33,3.3
202,44,3.7
203,37,3.0
203,38,3.7
203,31,3.3
203,80,4.0
204,33,2.7
204,21,1.7
204,38,3.3
204,56,2.7
205,37,4.0
205,21,3.7
205,34,4.0
205,74,2.0
206,34,3.3
206,25,4.0
206,27,4.0
206,41,2.7
207,40,4.0
207,31,3.3
207,33,3.7
207,59,3.7
208,39,3.3
208,34,4.0
208,28,3.7
208,87,2.7
209,26,2.7
209,29,3.7
209,32,2.3
209,69,3.0
210,38,4.0
210,37,2.3
210,22,3.7
210,42,4.0
211,29,3.3
211,26,2.7
211,35,3.0
211,95,4.0
212,24,4.0
212,33,3.3
212,30,3.3
212,86,4.0
213,31,3.0
213,37,3.3
213,29,3.0
213,77,3.7
214,35,2.7
214,31,3.7
214,36,3.7
214,3,3.3
215,31,3.3
215,37,4.0
215,21,3.3
215,20,3.3
216,27,4.0
216,33,3.7
216,37,3.0
216,2,4.0
217,32,3.0
217,34,3.7
217,27,4.0
217,65,1.7
218,39,4.0
218,32,2.7
218,35,2.3
218,70,3.7
219,32,1.3
219,37,2.7
219,26,3.7
219,59,3.0
220,33,3.3
220,38,4.0
220,27,3.7
220,68,3.3
221,25,3.3
221,29,3.7
221,37,2.7
221,93,4.0
222,24,3.7
222,34,3.7
222,39,3.7
222,80,4.0
223,21,2.0
223,27,4.0
223,34,4.0
223,88,2.3
224,31,3.3
224,28,3.0
224,38,4.0
224,67,3.3
225,26,4.0
225,38,3.7
225,30,2.3
225,75,4.0
226,22,3.3
226,38,4.0
226,28,3.3
226,42,2.7
227,31,3.0
227,22,3.0
227,34,3.3
227,86,4.0
228,39,4.0
228,40,2.3
228,29,2.7
228,59,3.0
229,30,4.0
229,26,3.7
229,24,4.0
229,13,3.0
230,26,3.7
230,24,4.0
230,23,4.0
230,78,2.7
231,32,2.7
231,22,3.0
231,39,4.0
231,100,3.3
232,28,3.3
232,36,4.0
232,31,4.0
232,68,3.7
233,23,3.3
233,31,3.3
233,38,3.7
233,20,4.0
234,25,4.0
234,35,2.3
234,29,4.0
234,99,3.3
235,22,2.7
235,32,2.0
235,26,2.7
235,9,3.0
236,29,3.7
236,34,4.0
236,22,4.0
236,96,3.7
237,25,3.7
237,28,2.7
237,24,4.0
237,87,2.0
238,23,2.7
238,32,2.7
238,40,2.3
238,96,4.0
239,31,3.3
239,30,2.3
239,27,2.7
239,49,3.7
240,30,2.3
240,35,2.7
240,32,2.7
240,87,2.0
241,22,3.0
241,27,4.0
241,34,4.0
241,58,3.3
242,35,3.0
242,26,3.0
242,28,2.7
242,19,4.0
243,32,2.3
243,38,3.3
243,21,2.7
243,70,3.3
244,28,3.0
244,36,4.0
244,21,2.0
244,61,4.0
245,40,2.3
245,23,3.3
245,34,4.0
245,53,3.7
246,27,3.7
246,38,4.0
246,40,2.7
246,95,3.0
247,22,4.0
247,39,3.7
247,37,4.0
247,76,3.3
248,26,2.0
248,38,4.0
248,22,3.3
248,49,2.3
249,35,3.3
249,21,2.3
249,23,3.0
249,60,3.0
250,26,3.7
250,23,3.3
250,22,3.3
250,4,2.0
251,40,3.7
251,36,4.0
251,29,3.3
251,77,3.0
252,34,4.0
252,37,3.0
252,35,3.3
252,97,3.0
253,25,4.0
253,40,3.3
253,30,3.0
253,13,3.0
254,31,2.3
254,22,3.0
254,35,2.0
254,83,3.7
255,30,2.7
255,24,4.0
255,25,3.7
255,79,3.0
256,31,4.0
256,23,3.0
256,39,3.3
256,74,2.7
257,26,3.7
257,40,3.7
257,25,3.7
257,48,2.3
258,32,3.0
258,26,3.7
258,29,3.7
258,72,3.0
259,33,4.0
259,36,3.7
259,40,2.7
259,77,3.0
260,24,3.3
260,38,4.0
260,33,2.3
260,6,4.0
261,27,3.3
261,24,4.0
261,34,2.7
261,48,2.7
262,29,3.0
262,28,3.7
262,30,4.0
262,80,3.0
263,29,4.0
263,38,4.0
263,25,3.7
263,47,3.7
264,30,3.7
264,25,4.0
264,24,3.3
264,87,3.3
265,21,2.7
265,28,3.0
265,34,4.0
265,75,4.0
266,27,3.0
266,37,3.0
266,28,3.7
266,72,2.0
267,36,4.0
267,29,3.3
267,30,3.0
267,72,2.7
268,29,4.0
268,36,3.3
268,35,3.7
268,11,3.7
269,21,2.3
269,39,4.0
269,24,4.0
269,96,4.0
270,27,3.3
270,34,3.7
270,22,3.3
270,17,4.0
271,30,3.7
271,31,4.0
271,29,3.3
271,78,2.7
272,36,4.0
272,27,3.7
272,29,2.7
272,19,3.3
273,26,3.0
273,22,4.0
273,38,3.3
273,85,3.7
274,29,4.0
274,36,3.7
274,21,2.3
274,65,3.3
275,24,4.0
275,35,3.7
275,31,3.3
275,63,4.0
276,37,3.7
276,23,3.0
276,36,3.7
276,83,2.7
277,39,3.3
277,27,3.7
277,22,4.0
277,11,4.0
278,28,2.7
278,24,4.0
278,31,4.0
278,50,4.0
279,28,3.3
279,31,3.7
279,40,3.3
279,95,3.3
280,24,3.3
280,39,4.0
280,25,3.3
280,79,2.3
281,34,3.7
281,21,3.0
281,37,2.3
281,92,2.3
282,23,3.3
282,38,4.0
282,26,3.7
282,67,4.0
283,31,3.7
283,28,3.0
283,22,3.7
283,84,3.0
284,21,2.0
284,30,2.7
284,29,4.0
284,72,2.0
285,37,3.7
285,25,3.7
285,40,3.7
285,95,3.0
286,31,3.3
286,37,3.3
286,28,2.7
286,86,2.3
287,26,2.7
287,29,3.0
287,37,2.7
287,70,4.0
288,39,4.0
288,35,3.0
288,33,4.0
288,95,4.0
289,37,3.7
289,36,3.0
289,25,3.7
289,80,4.0
290,36,3.7
290,32,3.3
290,27,4.0
290,86,3.0
291,34,3.3
291,39,4.0
291,33,3.0
291,2,2.3
292,21,2.3
292,23,2.3
292,29,4.0
292,90,2.0
293,36,3.3
293,31,3.7
293,32,3.0
293,88,3.0
294,25,3.0
294,23,3.3
294,30,3.3
294,98,3.7
295,33,3.7
295,30,3.0
295,22,3.7
295,65,3.0
296,37,3.7
296,40,3.7
296,22,3.7
296,1,3.7
297,40,3.3
297,38,3.7
297,39,4.0
297,65,2.7
298,36,4.0
298,21,2.7
298,30,3.7
298,48,2.0
299,34,4.0
299,25,3.0
299,21,3.0
299,85,4.0
300,25,3.7
300,22,3.7
300,33,3.0
300,73,3.0
301,32,2.3
301,35,3.7
301,28,3.3
301,46,3.0
302,25,2.7
302,29,2.7
302,30,3.3
302,84,4.0
303,36,3.3
303,28,3.7
303,33,3.3
303,73,3.7
304,32,2.7
304,35,3.0
304,34,3.7
304,63,2.7
305,28,2.7
305,32,2.0
305,29,3.7
305,18,3.3
306,31,3.3
306,24,4.0
306,38,4.0
306,12,2.3
307,39,4.0
307,37,3.7
307,30,3.7
307,78,3.3
308,25,3.7
308,36,4.0
308,23,2.7
308,75,4.0
309,24,4.0
309,21,2.7
309,39,3.7
309,91,3.0
310,29,3.3
310,25,3.7
310,21,2.7
310,65,4.0
311,37,2.3
311,31,4.0
311,24,4.0
311,100,3.3
312,31,4.0
312,33,3.7
312,22,4.0
312,13,3.7
313,26,3.3
313,27,4.0
313,40,2.7
313,20,3.7
314,21,2.3
314,26,3.0
314,24,4.0
314,65,3.3
315,40,3.3
315,30,3.0
315,25,3.3
315,72,2.0
316,21,2.7
316,40,2.3
316,32,2.0
316,46,3.3
317,30,4.0
317,37,3.0
317,24,4.0
317,65,3.0
318,40,3.0
318,36,3.7
318,39,3.3
318,69,4.0
319,27,4.0
319,21,2.7
319,28,2.3
319,44,3.3
320,27,3.3
320,31,3.7
320,40,2.7
320,16,3.3
321,33,2.7
321,36,3.7
321,24,4.0
321,68,2.7
322,23,4.0
322,33,3.7
322,26,2.7
322,4,2.7
323,40,2.7
323,26,3.0
323,33,3.3
323,8,3.3
324,33,3.0
324,26,2.7
324,21,2.7
324,91,3.3
325,38,4.0
325,31,4.0
325,21,2.7
325,2,3.0
326,29,4.0
326,21,3.0
326,40,4.0
326,82,4.0
327,25,3.0
327,22,3.7
327,28,3.7
327,71,3.0
328,40,3.3
328,32,1.3
328,25,2.7
328,45,3.0
329,21,2.7
329,40,3.3
329,39,3.7
329,79,4.0
330,31,4.0
330,40,2.3
330,22,3.3
330,64,3.3
331,27,4.0
331,38,4.0
331,36,3.3
331,14,4.0
332,33,3.3
332,29,3.3
332,32,2.3
332,81,4.0
333,30,4.0
333,23,3.0
333,24,3.3
333,74,2.0
334,27,3.7
334,35,3.0
334,21,3.0
334,17,3.3
335,40,3.7
335,32,2.0
335,35,2.7
335,62,2.7
336,23,2.3
336,39,3.3
336,25,3.7
336,47,3.0
337,35,3.7
337,23,2.7
337,40,3.3
337,63,4.0
338,21,2.7
338,29,3.3
338,25,3.7
338,85,3.3
339,35,2.3
339,27,4.0
339,21,2.3
339,44,4.0
340,36,4.0
340,40,3.3
340,25,4.0
340,99,3.0
341,29,4.0
341,35,3.3
341,38,4.0
341,81,3.0
342,34,4.0
342,23,4.0
342,26,3.0
342,16,3.3
343,23,3.7
343,40,3.3
343,28,3.3
343,18,3.7
344,29,2.7
344,34,3.7
344,22,3.3
344,100,3.0
345,31,2.7
345,25,2.7
345,40,3.3
345,63,3.7
346,23,2.7
346,32,2.3
346,31,3.3
346,83,3.3
347,26,3.0
347,28,3.7
347,33,3.3
347,80,4.0
348,23,3.0
348,24,4.0
348,33,3.7
348,82,2.7
349,23,3.3
349,26,2.0
349,39,3.3
349,62,3.0
350,31,3.3
350,26,3.7
350,39,3.0
350,47,2.7
351,33,3.3
351,40,3.3
351,31,3.3
351,69,4.0
352,30,3.7
352,35,3.3
352,37,3.0
352,20,3.7
353,28,2.7
353,25,4.0
353,22,3.7
353,2,3.3
354,29,3.7
354,27,4.0
354,23,3.0
354,97,3.0
355,21,2.7
355,30,2.7
355,29,3.7
355,12,3.0
356,33,3.7
356,29,4.0
356,21,2.3
356,73,2.7
357,34,3.7
357,27,3.7
357,24,4.0
357,14,4.0
358,25,3.3
358,35,3.0
358,36,3.3
358,62,3.7
359,29,4.0
359,37,2.7
359,31,2.7
359,12,3.3
360,21,2.0
360,23,2.7
360,26,2.3
360,41,2.7
361,25,3.3
361,24,4.0
361,36,3.7
361,44,2.7
362,23,3.3
362,33,2.7
362,40,3.3
362,94,2.7
363,38,3.0
363,33,2.3
363,40,3.0
363,55,2.7
364,29,3.7
364,26,3.0
364,36,3.3
364,53,4.0
365,32,3.0
365,39,4.0
365,29,3.7
365,18,3.3
366,21,2.0
366,27,4.0
366,35,2.3
366,96,3.3
367,39,3.0
367,21,2.7
367,23,3.3
367,15,4.0
368,38,4.0
368,29,2.7
368,22,3.3
368,88,3.0
369,27,4.0
369,35,3.0
369,22,3.7
369,97,3.0
370,35,3.0
370,28,3.7
370,32,2.3
370,15,4.0
371,37,3.0
371,39,3.7
371,21,3.3
371,73,3.7
372,32,2.0
372,28,3.3
372,26,2.7
372,55,2.7
373,25,3.0
373,33,3.3
373,23,3.0
373,51,3.3
374,25,4.0
374,33,3.0
374,38,4.0
374,69,3.0
375,28,2.7
375,37,3.0
375,29,3.7
375,64,4.0
376,26,3.3
376,21,1.7
376,31,3.0
376,8,2.3
377,23,3.3
377,31,3.3
377,22,2.3
377,83,3.3
378,30,2.3
378,29,3.7
378,25,3.7
378,76,2.3
379,24,4.0
379,22,3.0
379,37,3.3
379,75,3.3
380,24,4.0
380,39,4.0
380,31,2.7
380,7,2.7
381,28,4.0
381,33,2.7
381,36,3.7
381,56,2.7
382,30,3.0
382,31,3.0
382,21,2.3
382,12,3.3
383,22,3.3
383,36,3.7
383,34,4.0
383,69,3.3
384,28,2.3
384,37,2.7
384,24,4.0
384,54,3.0
385,21,2.7
385,40,3.3
385,32,2.3
385,84,3.3
386,23,3.0
386,25,4.0
386,40,3.0
386,70,3.7
387,35,3.3
387,29,3.3
387,25,3.3
387,54,2.7
388,29,3.7
388,21,2.3
388,24,3.7
388,96,3.7
389,31,3.3
389,29,4.0
389,32,2.7
389,41,2.0
390,32,2.0
390,21,2.3
390,22,2.7
390,56,3.0
391,21,2.3
391,25,4.0
391,31,3.3
391,89,3.0
392,24,3.7
392,22,3.0
392,31,3.7
392,11,3.7
393,36,4.0
393,35,2.3
393,38,4.0
393,91,3.0
394,30,3.7
394,23,4.0
394,29,4.0
394,72,2.0
395,28,3.3
395,31,2.3
395,24,2.7
395,13,3.0
396,35,3.0
396,26,3.3
396,21,3.3
396,73,3.3
397,33,3.3
397,32,3.0
397,38,4.0
397,66,2.7
398,30,3.7
398,36,3.3
398,37,3.3
398,84,4.0
399,35,3.3
399,28,2.7
399,31,4.0
399,81,3.7
400,39,4.0
400,40,3.0
400,30,3.7
400,58,3.3
401,55,2.0
401,49,2.3
401,42,3.0
401,31,3.3
402,47,2.7
402,43,1.7
402,42,2.3
402,68,1.7
403,52,2.3
403,44,2.7
403,60,1.3
403,27,2.3
404,57,3.0
404,60,2.0
404,53,2.7
404,2,2.7
405,49,2.0
405,58,2.7
405,48,2.7
405,84,2.7
406,45,4.0
406,51,2.3
406,47,2.3
406,88,2.7
407,55,2.0
407,41,2.7
407,59,2.7
407,26,2.3
408,46,3.7
408,51,2.0
408,43,1.3
408,30,3.0
409,55,2.3
409,42,3.0
409,58,2.3
409,70,2.7
410,54,2.0
410,59,2.7
410,57,3.3
410,2,2.7
411,49,2.3
411,48,1.3
411,46,3.3
411,16,3.3
412,57,4.0
412,46,3.0
412,60,2.3
412,18,2.7
413,57,2.7
413,47,3.3
413,59,2.3
413,84,2.7
414,43,2.3
414,48,2.0
414,54,2.0
414,31,3.0
415,51,2.3
415,47,2.7
415,44,3.0
415,66,2.0
416,55,1.7
416,41,1.7
416,45,3.3
416,89,2.3
417,44,2.3
417,58,2.3
417,56,2.3
417,73,3.0
418,48,2.0
418,43,3.0
418,55,2.0
418,30,2.7
419,41,3.0
419,58,3.0
419,51,2.7
419,70,2.7
420,54,2.3
420,51,2.7
420,46,2.7
420,5,1.3
421,43,2.7
421,54,2.7
421,44,2.7
421,6,2.3
422,60,1.7
422,53,1.7
422,44,2.3
422,22,2.0
423,57,2.7
423,51,1.7
423,46,2.3
423,71,1.7
424,53,3.3
424,54,2.0
424,52,2.0
424,11,3.0
425,55,2.0
425,58,1.3
425,50,4.0
425,80,3.7
426,55,2.3
426,44,2.7
426,59,3.0
426,25,2.7
427,42,1.0
427,58,2.3
427,51,2.7
427,40,2.3
428,44,2.7
428,56,1.7
428,55,2.0
428,31,2.7
429,57,3.0
429,44,3.0
429,53,3.0
429,78,2.7
430,57,2.3
430,54,3.0
430,52,3.7
430,35,3.0
431,57,3.3
431,56,1.3
431,55,1.0
431,96,3.0
432,46,2.7
432,41,2.0
432,58,2.7
432,36,2.3
433,55,2.7
433,46,3.7
433,53,2.3
433,14,2.7
434,54,2.0
434,48,2.7
434,46,2.7
434,33,2.7
435,58,2.3
435,52,2.7
435,51,2.7
435,100,2.7
436,51,2.7
436,50,2.7
436,46,4.0
436,9,2.0
437,53,3.0
437,54,2.0
437,44,2.7
437,29,3.3
438,43,2.3
438,55,1.7
438,41,1.7
438,84,3.3
439,54,2.3
439,52,3.0
439,46,3.3
439,2,3.7
440,41,3.0
440,58,2.7
440,57,3.0
440,14,3.3
441,58,3.0
441,46,3.3
441,60,1.7
441,68,2.3
442,47,3.3
442,55,1.3
442,51,2.3
442,63,3.0
443,57,3.0
443,49,2.0
443,45,2.3
443,32,1.3
444,49,2.0
444,43,2.7
444,47,3.0
444,28,2.3
445,60,1.3
445,59,1.7
445,54,2.0
445,5,2.7
446,52,2.7
446,60,2.3
446,51,2.7
446,4,1.3
447,42,2.0
447,41,2.3
447,55,2.0
447,81,3.0
448,52,2.7
448,45,4.0
448,60,1.3
448,99,3.0
449,47,2.7
449,57,2.3
449,42,1.3
449,68,1.3
450,47,3.3
450,55,2.7
450,43,2.3
450,80,3.3
451,54,1.7
451,47,2.7
451,50,3.0
451,35,3.0
452,51,1.7
452,44,2.7
452,56,3.0
452,99,3.0
453,59,1.7
453,50,2.7
453,43,2.7
453,13,2.3
454,46,3.3
454,45,3.7
454,44,2.3
454,39,3.0
455,57,2.3
455,42,2.3
455,51,1.7
455,95,3.3
456,55,2.3
456,53,3.0
456,44,2.0
456,24,3.0
457,46,2.7
457,47,2.7
457,43,2.7
457,14,3.3
458,44,2.3
458,59,2.7
458,41,1.7
458,37,2.0
459,56,2.0
459,44,3.0
459,49,1.7
459,19,3.7
460,58,2.0
460,45,4.0
460,60,2.7
460,6,2.0
461,60,1.3
461,41,2.3
461,58,2.3
461,10,1.7
462,41,3.0
462,56,1.3
462,57,2.7
462,33,2.3
463,56,0.7
463,60,2.0
463,55,1.7
463,30,3.0
464,45,3.7
464,59,2.3
464,48,2.0
464,74,1.7
465,56,1.7
465,58,2.3
465,57,3.7
465,24,3.7
466,46,3.0
466,42,2.7
466,55,2.0
466,39,3.3
467,46,3.3
467,48,1.0
467,59,2.7
467,39,3.7
468,44,2.3
468,41,2.7
468,54,1.0
468,90,2.3
469,54,2.3
469,55,1.7
469,57,3.0
469,10,2.7
470,52,1.7
470,48,2.3
470,60,1.7
470,17,3.7
471,52,3.0
471,43,2.3
471,51,2.3
471,66,1.7
472,59,3.0
472,45,2.7
472,44,2.3
472,97,1.7
473,42,2.3
473,46,2.7
473,58,2.3
473,94,3.3
474,55,1.7
474,43,2.3
474,57,2.7
474,25,2.7
475,45,4.0
475,51,1.3
475,47,3.0
475,36,4.0
476,44,3.3
476,59,2.3
476,51,1.7
476,76,2.7
477,60,2.3
477,45,2.3
477,43,2.3
477,91,1.7
478,53,1.3
478,60,1.3
478,57,3.0
478,1,2.7
479,49,2.3
479,58,3.3
479,43,3.0
479,35,2.0
480,49,2.3
480,54,2.3
480,48,2.0
480,91,1.7
481,57,2.7
481,51,2.7
481,58,3.3
481,96,3.7
482,48,2.0
482,42,3.0
482,44,3.0
482,82,2.3
483,43,3.3
483,54,2.7
483,46,3.7
483,86,2.3
484,46,2.3
484,42,2.0
484,48,2.0
484,22,3.7
485,53,2.3
485,48,2.3
485,55,1.3
485,78,3.7
486,51,1.7
486,47,3.0
486,49,2.7
486,10,2.7
487,46,2.3
487,55,1.3
487,43,3.3
487,10,2.7
488,49,2.7
488,58,3.3
488,48,1.3
488,81,1.7
489,56,1.7
489,54,2.0
489,47,2.3
489,74,2.0
490,60,2.7
490,58,2.7
490,47,2.3
490,15,3.7
491,47,2.7
491,57,3.0
491,59,2.3
491,26,2.7
492,55,1.3
492,59,2.7
492,42,2.3
492,95,2.3
493,46,3.0
493,48,1.7
493,58,2.3
493,86,2.3
494,59,1.3
494,55,2.3
494,53,3.3
494,61,2.7
495,49,2.0
495,47,1.7
495,52,1.7
495,87,2.3
496,41,1.0
496,42,1.7
496,48,2.0
496,40,2.3
497,43,2.7
497,47,2.7
497,48,1.7
497,39,2.7
498,54,2.0
498,47,2.7
498,48,1.0
498,24,2.7
499,50,3.3
499,57,2.7
499,49,2.3
499,33,2.7
500,56,2.3
500,42,3.3
500,45,2.3
500,72,1.7
501,53,3.3
501,43,1.7
501,52,2.0
501,85,2.7
502,53,4.0
502,45,2.7
502,57,3.3
502,5,2.7
503,51,1.7
503,54,3.7
503,53,3.0
503,16,3.0
504,58,3.0
504,45,3.3
504,50,4.0
504,95,3.7
505,54,1.7
505,47,3.7
505,51,2.0
505,1,2.3
506,54,1.3
506,60,2.7
506,44,2.3
506,16,2.3
507,45,3.7
507,59,3.0
507,46,3.7
507,14,2.7
508,54,3.0
508,51,2.3
508,52,3.7
508,61,3.0
509,60,2.0
509,48,2.0
509,58,2.7
509,20,3.0
510,58,2.0
510,46,2.7
510,48,2.7
510,23,1.7
511,45,4.0
511,44,2.7
511,54,2.7
511,9,3.3
512,50,3.7
512,52,2.7
512,58,2.7
512,72,2.3
513,50,3.0
513,57,2.3
513,60,1.7
513,71,2.3
514,41,3.0
514,60,2.0
514,59,3.3
514,29,3.0
515,45,3.0
515,46,3.3
515,58,2.7
515,18,2.3
516,51,1.7
516,60,1.3
516,55,2.3
516,61,3.3
517,50,4.0
517,55,1.7
517,52,3.3
517,91,3.0
518,47,2.3
518,45,4.0
518,56,2.7
518,10,2.7
519,60,3.0
519,53,3.3
519,52,1.7
519,1,2.3
520,55,1.3
520,52,2.7
520,47,2.7
520,90,2.0
521,43,2.0
521,51,2.0
521,60,1.7
521,13,2.3
522,44,2.7
522,42,2.7
522,54,2.0
522,89,3.3
523,49,2.3
523,53,3.3
523,45,3.0
523,96,4.0
524,56,2.3
524,47,3.7
524,52,2.3
524,85,2.7
525,41,2.0
525,44,4.0
525,56,2.0
525,72,1.3
526,58,3.3
526,50,3.3
526,41,2.0
526,4,1.3
527,51,2.7
527,59,3.0
527,54,2.7
527,81,2.3
528,54,1.7
528,45,1.3
528,46,2.3
528,9,2.7
529,49,2.3
529,46,2.7
529,44,4.0
529,69,2.7
530,53,2.3
530,50,3.7
530,48,2.3
530,75,3.3
531,47,3.0
531,54,2.3
531,55,2.3
531,4,1.0
532,46,3.3
532,58,3.3
532,54,3.0
532,87,1.3
533,55,2.0
533,52,2.7
533,48,2.3
533,63,3.0
534,50,3.0
534,42,2.7
534,48,1.7
534,64,3.3
535,58,2.3
535,51,1.7
535,42,3.0
535,97,3.3
536,47,3.7
536,48,2.0
536,58,3.3
536,89,2.3
537,46,3.0
537,60,1.7
537,50,4.0
537,26,3.0
538,43,3.7
538,53,2.7
538,56,2.7
538,93,3.0
539,46,3.0
539,47,3.0
539,44,3.3
539,19,3.0
540,46,2.7
540,52,1.7
540,54,2.0
540,90,2.3
541,54,1.7
541,51,1.7
541,55,1.0
541,4,1.3
542,59,3.0
542,60,1.3
542,58,3.0
542,76,2.7
543,42,3.7
543,47,3.3
543,58,3.0
543,17,3.3
544,44,2.7
544,50,3.7
544,58,3.3
544,74,1.7
545,44,3.3
545,53,4.0
545,51,2.3
545,73,2.7
546,57,3.0
546,42,2.3
546,50,4.0
546,70,3.0
547,58,2.7
547,57,2.7
547,55,2.3
547,27,2.7
548,43,2.0
548,57,3.0
548,54,3.3
548,63,3.0
549,43,2.0
549,55,3.0
549,42,2.3
549,6,3.0
550,46,2.3
550,43,2.7
550,49,3.0
550,1,2.3
551,49,2.3
551,53,2.0
551,52,3.0
551,19,2.7
552,57,3.3
552,47,2.7
552,53,3.0
552,14,3.7
553,41,2.3
553,52,3.7
553,57,3.7
553,81,2.0
554,49,2.3
554,51,2.7
554,54,1.7
554,95,2.0
555,41,1.7
555,59,2.3
555,47,0.7
555,70,2.3
556,43,1.7
556,48,2.7
556,45,3.7
556,81,2.7
557,57,3.0
557,44,3.0
557,50,3.0
557,82,3.0
558,48,2.0
558,49,2.7
558,51,2.7
558,7,2.0
559,46,3.0
559,55,2.0
559,42,2.3
559,75,4.0
560,51,2.3
560,46,2.7
560,48,2.3
560,76,2.3
561,44,3.3
561,52,1.7
561,49,2.3
561,81,2.3
562,57,2.7
562,51,2.7
562,47,2.0
562,63,3.0
563,48,2.0
563,45,2.7
563,57,3.0
563,75,3.3
564,45,4.0
564,60,2.7
564,43,2.7
564,61,2.7
565,60,2.3
565,41,2.7
565,45,3.3
565,31,2.3
566,57,2.7
566,60,2.0
566,50,3.7
566,9,3.0
567,45,3.7
567,60,2.7
567,42,3.0
567,87,2.3
568,42,1.7
568,48,2.7
568,45,3.7
568,36,3.0
569,49,2.3
569,42,2.3
569,53,2.7
569,99,1.7
570,46,2.3
570,53,2.3
570,51,1.3
570,38,3.0
571,57,3.3
571,60,2.3
571,41,1.7
571,30,2.3
572,54,2.7
572,42,3.0
572,44,2.7
572,32,2.3
573,47,2.3
573,59,2.3
573,44,2.0
573,25,2.7
574,56,2.0
574,46,2.0
574,45,3.7
574,13,2.7
575,49,2.7
575,54,3.3
575,57,3.0
575,34,3.0
576,55,1.3
576,41,2.3
576,44,3.0
576,85,2.3
577,57,2.7
577,42,2.3
577,50,3.7
577,1,2.7
578,51,2.0
578,42,2.7
578,58,3.0
578,79,2.3
579,46,2.7
579,58,3.0
579,43,2.3
579,15,2.7
580,54,3.0
580,52,2.0
580,53,2.7
580,26,2.7
581,53,3.0
581,45,3.3
581,46,1.3
581,86,2.3
582,53,3.0
582,45,3.3
582,60,2.3
582,11,3.3
583,56,2.3
583,48,1.7
583,41,2.0
583,5,3.3
584,47,2.7
584,59,2.3
584,48,2.3
584,79,3.0
585,49,2.0
585,56,1.7
585,45,2.3
585,61,2.7
586,49,2.7
586,46,2.7
586,45,4.0
586,71,2.3
587,43,2.7
587,53,2.7
587,44,2.0
587,100,2.7
588,44,2.7
588,60,2.0
588,49,2.3
588,10,2.0
589,51,1.7
589,58,2.7
589,54,2.3
589,35,2.0
590,57,3.0
590,58,3.0
590,42,2.7
590,32,2.0
591,51,2.7
591,56,2.3
591,59,2.7
591,72,2.7
592,55,2.3
592,50,3.0
592,52,1.7
592,83,1.7
593,51,2.7
593,58,3.0
593,48,1.3
593,34,3.3
594,54,2.7
594,52,3.0
594,41,2.3
594,12,2.7
595,54,2.0
595,58,3.0
595,44,3.0
595,26,2.3
596,60,3.3
596,57,2.3
596,55,2.0
596,73,2.0
597,57,3.0
597,53,2.0
597,49,3.0
597,77,3.0
598,59,2.3
598,54,2.0
598,58,3.0
598,12,3.0
599,47,3.3
599,43,2.3
599,42,2.3
599,38,4.0
600,58,3.0
600,45,3.3
600,52,3.0
600,39,3.3
601,75,3.3
601,71,2.3
601,76,1.3
601,9,1.7
602,63,2.3
602,61,1.7
602,80,2.3
602,37,2.0
603,68,1.0
603,62,1.0
603,65,1.7
603,14,2.3
604,62,2.0
604,69,2.0
604,67,2.0
604,99,0.7
605,71,0.7
605,64,2.0
605,66,1.0
605,58,2.7
606,64,2.3
606,72,2.3
606,70,1.3
606,44,2.0
607,63,2.0
607,62,2.0
607,64,3.3
607,15,3.7
608,78,2.0
608,66,1.7
608,62,2.0
608,21,0.7
609,62,1.7
609,74,0.7
609,79,1.7
609,50,2.3
610,66,1.0
610,61,2.0
610,80,3.0
610,37,1.7
611,62,2.7
611,73,3.0
611,80,2.7
611,37,2.0
612,73,2.7
612,69,2.0
612,67,2.0
612,23,0.7
613,62,1.7
613,69,1.3
613,68,2.0
613,53,1.7
614,61,2.0
614,77,2.0
614,63,2.0
614,21,1.3
615,79,1.7
615,76,1.7
615,67,2.0
615,34,2.7
616,62,2.0
616,61,1.3
616,70,2.0
616,85,2.3
617,72,1.3
617,62,1.7
617,74,1.0
617,20,2.3
618,71,1.3
618,77,1.0
618,72,1.3
618,52,2.3
619,64,2.0
619,65,1.3
619,74,1.3
619,4,1.3
620,66,1.3
620,79,2.0
620,80,3.0
620,4,1.3
621,69,1.0
621,78,3.0
621,61,2.0
621,23,2.0
622,66,0.7
622,79,1.7
622,65,1.7
622,13,0.7
623,70,1.7
623,78,1.7
623,68,0.7
623,12,2.0
624,73,1.7
624,71,2.3
624,74,0.7
624,37,1.7
625,67,1.3
625,77,0.7
625,78,2.3
625,36,2.7
626,66,1.3
626,67,1.0
626,65,1.3
626,94,2.3
627,64,2.7
627,70,2.3
627,73,2.3
627,84,2.7
628,75,3.0
628,67,2.0
628,71,2.0
628,83,1.3
629,70,2.7
629,62,2.3
629,80,2.3
629,53,1.3
630,71,1.7
630,61,1.3
630,66,1.0
630,53,2.0
631,79,2.3
631,80,3.0
631,69,2.0
631,44,1.7
632,77,2.3
632,78,2.3
632,70,2.3
632,98,0.7
633,77,2.3
633,80,3.7
633,71,1.7
633,45,2.7
634,63,2.0
634,78,1.0
634,77,1.3
634,25,3.0
635,67,2.3
635,76,1.0
635,74,0.7
635,8,2.3
636,72,0.7
636,62,1.3
636,76,1.0
636,35,0.7
637,63,2.0
637,64,2.0
637,76,1.0
637,16,2.7
638,71,1.0
638,70,2.0
638,65,1.0
638,96,2.3
639,63,1.7
639,61,2.0
639,65,1.7
639,81,2.7
640,78,1.7
640,64,3.3
640,68,0.7
640,12,2.0
641,74,2.0
641,65,2.7
641,78,2.7
641,46,2.0
642,77,2.0
642,63,2.7
642,71,1.7
642,5,1.3
643,64,2.3
643,62,1.7
643,76,1.0
643,15,2.3
644,79,2.0
644,75,3.7
644,74,0.7
644,51,1.7
645,74,1.3
645,66,1.0
645,71,1.7
645,99,1.7
646,79,1.7
646,80,2.3
646,63,2.3
646,1,2.3
647,65,1.3
647,76,1.0
647,62,2.7
647,57,2.7
648,68,1.7
648,69,2.0
648,74,0.7
648,100,2.3
649,76,2.0
649,75,2.7
649,64,1.3
649,8,1.7
650,77,1.7
650,72,0.0
650,79,2.0
650,86,2.3
651,70,1.3
651,74,2.0
651,79,2.0
651,13,0.7
652,67,2.3
652,74,1.3
652,76,2.0
652,10,1.3
653,73,2.3
653,78,1.7
653,71,1.3
653,60,0.7
654,74,0.0
654,77,2.0
654,70,2.0
654,39,1.0
655,72,1.0
655,78,2.3
655,62,1.3
655,10,1.0
656,79,2.0
656,67,0.7
656,66,0.7
656,2,2.0
657,63,2.0
657,66,0.7
657,79,1.0
657,18,0.7
658,78,1.7
658,69,2.0
658,62,3.0
658,17,2.3
659,64,2.7
659,78,1.3
659,74,0.0
659,89,3.0
660,65,1.0
660,67,2.0
660,78,2.0
660,15,3.0
661,80,3.3
661,68,1.3
661,77,2.0
661,13,2.3
662,70,2.0
662,67,2.7
662,69,1.3
662,43,1.7
663,61,2.3
663,65,0.7
663,78,2.7
663,11,2.3
664,71,3.3
664,67,2.7
664,68,1.3
664,29,3.0
665,62,2.3
665,65,1.3
665,74,0.0
665,84,1.3
666,63,2.3
666,80,2.3
666,62,2.0
666,82,2.3
667,63,2.7
667,67,1.3
667,71,2.0
667,99,1.3
668,77,1.0
668,71,1.7
668,75,2.7
668,7,0.7
669,75,3.7
669,62,2.3
669,73,1.7
669,18,0.7
670,64,2.0
670,70,3.0
670,69,2.0
670,57,3.0
671,76,1.3
671,73,1.7
671,61,2.3
671,53,2.7
672,74,0.7
672,66,0.7
672,77,1.0
672,39,2.0
673,61,2.3
673,80,2.3
673,69,2.0
673,83,2.0
674,78,2.0
674,72,1.0
674,66,1.3
674,57,2.0
675,62,1.7
675,72,0.7
675,78,1.3
675,96,3.0
676,69,1.3
676,64,3.0
676,61,2.3
676,30,2.0
677,73,2.3
677,77,1.3
677,74,0.7
677,23,2.0
678,79,0.7
678,74,1.0
678,61,2.3
678,10,2.0
679,62,2.7
679,75,3.0
679,69,2.0
679,23,1.3
680,78,1.7
680,64,3.0
680,70,2.0
680,87,1.3
681,75,2.7
681,77,2.0
681,62,2.3
681,89,2.3
682,75,2.3
682,63,2.7
682,70,1.7
682,15,2.7
683,80,2.0
683,76,1.3
683,68,0.7
683,82,1.3
684,64,2.3
684,63,2.7
684,76,1.7
684,35,0.0
685,65,1.7
685,78,2.0
685,77,1.3
685,96,2.0
686,76,1.3
686,69,1.7
686,80,3.0
686,8,1.3
687,65,0.0
687,74,0.7
687,66,0.7
687,18,2.7
688,61,2.0
688,76,1.7
688,67,2.0
688,40,1.7
689,72,0.7
689,75,2.7
689,69,0.7
689,34,2.3
690,76,1.3
690,79,1.7
690,66,1.0
690,85,1.7
691,61,1.7
691,64,2.0
691,80,3.0
691,88,1.7
692,64,2.0
692,61,2.0
692,72,0.7
692,24,2.3
693,73,2.0
693,64,1.7
693,69,1.7
693,8,1.0
694,64,1.7
694,80,3.7
694,69,2.3
694,98,1.3
695,68,1.0
695,77,0.7
695,80,2.0
695,20,2.0
696,75,3.0
696,67,1.7
696,65,1.7
696,14,3.0
697,62,2.0
697,66,0.7
697,72,1.0
697,14,3.0
698,63,2.0
698,64,1.3
698,80,3.3
698,51,1.7
699,63,1.0
699,69,2.7
699,61,1.7
699,6,3.0
700,74,1.3
700,79,1.7
700,69,1.7
700,38,2.3
701,61,2.0
701,77,2.7
701,74,0.7
701,96,2.7
702,66,0.7
702,73,1.7
702,68,2.3
702,55,1.3
703,74,1.3
703,80,2.7
703,72,2.3
703,37,1.3
704,78,1.0
704,63,3.0
704,66,1.0
704,38,3.0
705,66,2.0
705,70,2.3
705,79,2.7
705,57,2.3
706,73,1.3
706,66,0.0
706,61,2.0
706,16,1.0
707,74,1.0
707,77,2.3
707,63,2.3
707,84,2.0
708,80,3.3
708,78,2.3
708,66,1.7
708,26,1.7
709,80,1.7
709,63,3.0
709,64,2.3
709,37,1.3
710,79,2.0
710,80,2.7
710,61,1.7
710,25,1.3
711,70,2.3
711,79,1.3
711,73,1.7
711,28,1.7
712,68,1.7
712,65,2.3
712,62,2.0
712,32,0.7
713,67,2.7
713,72,1.7
713,71,1.7
713,32,1.0
714,76,1.3
714,72,1.0
714,65,1.3
714,23,1.3
715,80,2.7
715,63,3.3
715,66,0.7
715,50,2.3
716,73,1.3
716,66,1.7
716,78,2.3
716,6,1.3
717,64,1.3
717,78,2.3
717,69,1.0
717,34,2.7
718,70,1.7
718,68,1.7
718,74,1.3
718,24,2.3
719,74,0.7
719,80,3.0
719,76,1.0
719,22,2.3
720,61,1.7
720,80,3.0
720,63,2.0
720,8,1.3
721,74,0.7
721,75,3.0
721,80,1.3
721,30,1.3
722,78,1.7
722,62,1.7
722,65,2.0
722,51,1.3
723,75,3.7
723,68,0.7
723,71,1.0
723,45,1.7
724,61,2.3
724,77,1.7
724,74,1.3
724,34,2.3
725,65,1.3
725,73,2.0
725,78,3.0
725,32,0.7
726,68,2.3
726,66,1.3
726,76,1.7
726,54,1.7
727,65,0.0
727,66,1.0
727,68,1.0
727,27,3.3
728,77,1.7
728,69,1.7
728,65,1.3
728,4,0.0
729,76,1.0
729,69,2.0
729,63,1.3
729,53,2.3
730,78,1.3
730,73,2.3
730,75,3.3
730,49,0.7
731,64,2.0
731,72,1.3
731,79,1.7
731,91,1.7
732,80,2.7
732,76,1.7
732,69,1.7
732,84,2.0
733,77,1.7
733,74,0.7
733,70,2.7
733,51,3.0
734,77,1.7
734,66,1.0
734,79,2.3
734,7,1.3
735,71,1.7
735,76,1.0
735,74,2.0
735,50,3.0
736,77,1.7
736,78,1.7
736,67,1.7
736,44,1.0
737,63,2.7
737,78,2.3
737,68,1.3
737,56,0.7
738,70,2.3
738,68,1.7
738,80,2.3
738,82,2.0
739,67,2.0
739,68,1.0
739,63,2.0
739,26,1.7
740,71,1.0
740,69,1.7
740,77,2.0
740,7,1.7
741,64,2.3
741,74,1.3
741,79,1.7
741,92,0.7
742,71,1.3
742,63,3.0
742,78,2.3
742,13,1.7
743,63,1.3
743,71,1.7
743,65,0.7
743,16,1.3
744,73,1.3
744,66,0.7
744,70,2.3
744,40,1.7
745,78,1.3
745,71,1.3
745,65,1.7
745,38,3.0
746,78,2.0
746,65,0.7
746,67,1.7
746,10,2.7
747,68,0.7
747,80,3.0
747,66,2.0
747,51,1.3
748,74,2.0
748,76,1.0
748,65,0.7
748,47,1.7
749,74,0.7
749,77,1.0
749,71,1.3
749,94,2.3
750,74,0.7
750,61,1.7
750,72,1.7
750,16,1.7
751,76,1.7
751,73,1.0
751,65,1.0
751,10,1.3
752,61,2.7
752,79,1.3
752,64,2.0
752,33,2.0
753,72,1.3
753,80,2.3
753,65,1.0
753,19,2.7
754,73,1.3
754,78,2.0
754,76,1.0
754,99,2.3
755,71,2.0
755,80,3.3
755,75,2.7
755,55,1.7
756,79,2.0
756,62,2.0
756,74,0.7
756,30,2.0
757,61,1.0
757,80,3.7
757,69,1.3
757,21,0.7
758,70,1.3
758,67,2.0
758,68,1.7
758,55,1.0
759,69,0.7
759,66,0.7
759,70,2.3
759,9,2.0
760,61,2.0
760,67,1.7
760,69,0.7
760,31,2.7
761,75,2.3
761,76,1.3
761,71,1.0
761,58,2.3
762,74,1.3
762,79,1.7
762,78,2.3
762,54,0.7
763,78,2.0
763,61,1.3
763,62,2.3
763,35,1.7
764,63,2.7
764,69,1.3
764,72,1.3
764,54,1.0
765,65,1.0
765,72,1.0
765,67,1.3
765,59,2.0
766,63,2.0
766,61,1.3
766,77,1.0
766,98,2.0
767,80,1.3
767,64,1.7
767,71,2.3
767,7,0.7
768,64,2.7
768,63,2.7
768,80,2.7
768,18,0.7
769,66,0.7
769,73,1.0
769,71,1.7
769,82,2.0
770,70,1.7
770,75,3.0
770,79,1.7
770,98,1.7
771,69,1.3
771,67,2.7
771,72,1.3
771,33,1.7
772,74,0.7
772,73,1.3
772,61,2.3
772,13,1.3
773,75,3.0
773,64,1.3
773,74,0.7
773,85,2.0
774,66,1.7
774,70,1.7
774,64,1.7
774,59,1.7
775,78,2.0
775,75,2.3
775,77,1.0
775,46,1.7
776,76,1.3
776,63,3.0
776,62,1.3
776,53,2.3
777,74,0.0
777,77,2.0
777,61,2.7
777,35,1.3
778,76,1.0
778,69,2.3
778,66,1.3
778,25,2.0
779,67,1.3
779,80,3.0
779,77,1.3
779,1,1.7
780,66,1.0
780,71,2.0
780,64,2.0
780,36,2.3
781,73,2.3
781,71,1.3
781,64,2.3
781,7,0.7
782,61,2.0
782,69,2.0
782,78,2.7
782,20,1.7
783,67,1.3
783,71,1.3
783,79,1.7
783,19,2.0
784,62,1.7
784,78,1.3
784,63,2.0
784,95,2.3
785,63,2.3
785,66,1.3
785,69,1.0
785,23,2.3
786,79,1.3
786,69,1.7
786,74,1.0
786,32,0.7
787,72,1.3
787,66,1.3
787,64,3.7
787,82,2.0
788,78,2.3
788,68,1.7
788,67,2.0
788,32,0.7
789,73,2.0
789,67,2.3
789,69,2.3
789,36,1.7
790,62,1.0
790,75,3.7
790,76,1.0
790,7,0.0
791,77,0.7
791,70,3.0
791,64,2.7
791,82,1.3
792,69,1.3
792,74,1.0
792,80,3.3
792,53,2.0
793,76,1.0
793,68,1.7
793,71,1.7
793,14,2.7
794,78,2.3
794,77,0.7
794,63,2.7
794,8,1.7
795,63,1.7
795,69,0.7
795,79,1.3
795,22,2.0
796,73,2.0
796,74,1.7
796,78,2.0
796,91,1.0
797,61,2.0
797,71,1.0
797,77,1.7
797,7,1.7
798,80,3.0
798,61,1.7
798,62,2.0
798,57,1.7
799,67,0.7
799,74,0.7
799,80,3.0
799,44,2.3
800,68,2.0
800,71,1.7
800,69,2.3
800,85,2.3
801,92,1.0
801,98,1.3
801,96,2.0
801,78,1.7
802,90,0.7
802,96,0.7
802,81,1.3
802,45,2.0
803,99,0.7
803,82,0.0
803,98,1.0
803,58,1.7
804,88,1.0
804,98,0.7
804,82,0.7
804,8,1.0
805,82,1.0
805,100,1.7
805,83,0.0
805,50,2.3
806,100,1.0
806,83,0.0
806,99,1.3
806,53,0.7
807,89,1.3
807,98,1.0
807,100,1.0
807,29,1.7
808,84,1.7
808,99,1.3
808,98,1.0
808,28,1.7
809,83,1.0
809,82,1.3
809,84,1.7
809,8,0.0
810,81,1.0
810,94,1.3
810,96,2.3
810,27,2.0
811,92,0.7
811,81,2.0
811,85,1.3
811,52,1.7
812,90,1.3
812,83,0.7
812,85,1.7
812,64,1.7
813,84,1.0
813,99,1.3
813,86,1.7
813,15,2.0
814,84,0.0
814,94,0.7
814,91,0.7
814,46,1.3
815,92,0.0
815,95,1.7
815,100,1.7
815,76,1.3
816,88,1.0
816,87,1.0
816,100,0.7
816,31,1.3
817,98,0.0
817,94,1.7
817,99,2.0
817,38,1.7
818,87,0.0
818,86,0.7
818,91,0.7
818,58,0.7
819,94,0.7
819,88,1.0
819,95,1.7
819,39,0.7
820,100,1.0
820,83,0.0
820,92,0.0
820,78,1.3
821,96,1.7
821,84,1.0
821,86,0.7
821,52,1.3
822,94,0.7
822,83,0.0
822,90,0.7
822,79,0.0
823,84,0.7
823,89,1.3
823,86,1.3
823,39,1.3
824,99,1.0
824,86,1.3
824,83,0.7
824,77,1.0
825,93,0.7
825,87,1.3
825,98,1.0
825,15,1.3
826,89,1.3
826,87,0.7
826,81,1.0
826,21,1.3
827,87,0.0
827,99,0.0
827,98,0.0
827,47,1.3
828,92,0.7
828,99,1.3
828,88,0.7
828,36,1.7
829,100,1.0
829,89,1.7
829,91,1.7
829,70,1.0
830,89,1.0
830,86,1.3
830,83,1.0
830,1,0.0
831,94,1.7
831,93,0.7
831,99,1.7
831,15,2.3
832,92,0.7
832,94,1.7
832,87,0.0
832,47,0.7
833,81,2.0
833,98,0.7
833,85,1.7
833,7,0.7
834,92,1.0
834,82,1.0
834,98,1.3
834,42,1.3
835,90,1.0
835,100,1.0
835,81,0.7
835,6,1.3
836,100,1.7
836,91,0.7
836,98,0.7
836,32,0.0
837,92,1.3
837,83,0.0
837,97,1.3
837,45,1.7
838,85,1.0
838,92,0.0
838,86,1.0
838,45,2.0
839,94,1.0
839,100,1.3
839,83,0.0
839,41,1.0
840,96,2.0
840,98,0.0
840,85,2.3
840,40,1.0
841,95,1.7
841,83,0.7
841,81,1.7
841,29,1.3
842,93,1.7
842,94,0.0
842,97,1.0
842,28,1.7
843,83,0.0
843,100,1.7
843,92,1.3
843,67,1.3
844,95,1.7
844,92,0.0
844,96,1.3
844,29,2.0
845,95,1.7
845,92,0.7
845,89,1.0
845,4,0.7
846,92,1.3
846,96,1.7
846,90,1.0
846,80,2.3
847,96,1.3
847,89,1.0
847,99,1.7
847,23,1.3
848,82,0.7
848,94,1.0
848,87,0.0
848,44,1.7
849,97,0.7
849,92,0.7
849,96,2.3
849,35,0.0
850,83,0.0
850,90,0.7
850,91,0.7
850,36,1.3
851,81,0.7
851,84,1.3
851,98,0.7
851,71,1.0
852,96,1.3
852,97,0.7
852,99,1.0
852,6,1.0
853,87,1.3
853,83,0.0
853,98,1.3
853,13,0.7
854,97,0.7
854,99,0.0
854,94,1.0
854,44,1.0
855,96,1.7
855,85,1.7
855,88,1.0
855,79,1.7
856,99,0.7
856,94,1.3
856,98,0.7
856,19,1.7
857,81,2.0
857,89,0.7
857,86,1.7
857,34,2.0
858,100,0.7
858,99,1.3
858,97,0.7
858,69,0.7
859,88,0.7
859,95,1.0
859,82,1.3
859,48,0.7
860,92,0.0
860,88,1.0
860,81,0.0
860,27,1.3
861,95,1.7
861,86,1.3
861,93,1.0
861,66,0.7
862,82,1.3
862,94,1.7
862,97,0.7
862,60,0.0
863,98,0.7
863,83,0.7
863,89,1.3
863,39,2.7
864,92,0.7
864,91,1.7
864,98,0.7
864,62,0.7
865,84,1.3
865,94,1.7
865,83,0.0
865,3,0.7
866,98,1.3
866,89,1.7
866,92,0.0
866,43,0.7
867,93,1.7
867,97,0.0
867,86,1.7
867,52,1.7
868,100,0.0
868,98,1.0
868,88,0.0
868,18,0.0
869,88,0.7
869,90,0.0
869,93,2.3
869,73,1.3
870,89,2.0
870,84,1.3
870,86,1.3
870,9,2.0
871,94,1.3
871,92,0.7
871,99,0.7
871,14,1.3
872,93,1.3
872,100,1.3
872,92,0.0
872,72,0.7
873,89,0.7
873,97,1.0
873,95,0.7
873,24,2.3
874,93,1.3
874,87,0.0
874,99,0.7
874,58,0.7
875,90,1.0
875,82,1.3
875,92,1.0
875,79,1.7
876,93,2.3
876,88,1.3
876,92,0.0
876,63,1.7
877,95,0.0
877,98,1.3
877,97,1.0
877,67,1.7
878,94,0.7
878,83,0.7
878,88,0.0
878,37,0.7
879,86,0.7
879,84,2.0
879,83,0.7
879,51,0.7
880,95,1.3
880,85,1.3
880,84,1.0
880,62,1.3
881,94,1.0
881,82,1.3
881,90,0.7
881,68,1.7
882,96,1.7
882,92,0.7
882,95,1.3
882,63,2.0
883,82,1.0
883,100,1.3
883,96,1.7
883,74,0.0
884,99,0.7
884,93,1.7
884,96,2.3
884,71,0.0
885,90,0.0
885,97,0.0
885,85,1.7
885,67,1.3
886,99,0.7
886,83,1.3
886,90,0.7
886,22,1.7
887,86,1.7
887,93,1.0
887,84,1.0
887,72,0.0
888,93,0.7
888,88,0.7
888,90,0.0
888,24,1.7
889,93,2.3
889,86,1.7
889,90,0.7
889,57,1.0
890,95,1.0
890,85,2.3
890,97,0.0
890,63,1.7
891,93,1.7
891,95,1.7
891,92,0.0
891,66,0.0
892,86,1.3
892,95,2.0
892,92,0.7
892,69,0.7
893,95,1.3
893,100,0.0
893,90,0.7
893,52,1.7
894,87,1.0
894,91,1.0
894,96,2.7
894,5,2.0
895,100,1.3
895,83,0.0
895,95,0.0
895,47,2.0
896,97,1.0
896,83,1.0
896,100,0.7
896,12,1.3
897,89,1.7
897,87,0.0
897,83,0.7
897,5,1.0
898,90,0.7
898,91,0.7
898,85,1.7
898,15,3.0
899,89,1.3
899,96,1.3
899,92,1.3
899,56,0.0
900,90,1.7
900,84,0.7
900,89,1.3
900,51,1.7
901,88,0.7
901,89,1.3
901,92,1.0
901,5,0.0
902,97,1.3
902,88,0.7
902,86,2.0
902,45,1.3
903,84,0.7
903,82,0.7
903,83,0.0
903,72,0.0
904,88,0.7
904,94,0.0
904,84,1.3
904,14,2.0
905,82,0.7
905,84,1.3
905,96,1.7
905,27,1.0
906,93,1.3
906,82,1.0
906,81,1.0
906,51,0.0
907,94,1.7
907,91,0.7
907,82,0.0
907,51,1.0
908,92,0.7
908,87,0.7
908,89,1.7
908,21,0.7
909,94,1.3
909,91,1.3
909,82,0.0
909,72,0.7
910,83,0.0
910,97,1.7
910,98,1.3
910,77,1.0
911,95,1.3
911,91,1.7
911,96,0.7
911,10,0.7
912,90,1.7
912,97,1.3
912,98,0.7
912,57,1.7
913,95,0.7
913,89,1.0
913,98,1.0
913,22,1.3
914,96,2.0
914,87,1.3
914,81,0.7
914,75,2.3
915,93,1.0
915,98,0.7
915,84,1.0
915,51,1.0
916,100,1.7
916,87,1.0
916,88,0.0
916,75,2.3
917,91,0.7
917,84,0.7
917,94,0.7
917,17,1.7
918,82,1.0
918,97,1.3
918,99,1.3
918,52,0.7
919,98,1.3
919,90,1.0
919,87,0.0
919,43,1.0
920,84,1.0
920,81,0.7
920,98,1.3
920,20,2.0
921,100,0.7
921,92,0.0
921,87,0.0
921,77,1.0
922,98,0.0
922,96,2.3
922,94,1.7
922,29,1.7
923,98,1.3
923,89,1.3
923,91,1.3
923,23,0.0
924,85,2.0
924,100,1.0
924,83,0.0
924,44,2.3
925,96,1.7
925,86,1.7
925,87,0.7
925,53,0.7
926,84,0.7
926,82,1.7
926,85,1.7
926,22,1.0
927,94,1.0
927,98,1.0
927,96,2.0
927,65,0.7
928,85,2.0
928,94,0.7
928,86,0.7
928,62,1.7
929,93,2.3
929,94,1.7
929,88,1.3
929,37,1.0
930,83,0.7
930,97,1.0
930,99,1.0
930,10,1.3
931,81,1.7
931,90,0.7
931,99,0.0
931,47,1.3
932,93,0.7
932,82,0.7
932,99,0.7
932,77,1.7
933,96,2.0
933,90,1.0
933,95,1.7
933,16,1.3
934,93,1.7
934,97,1.7
934,92,0.7
934,6,1.3
935,85,1.0
935,93,1.3
935,91,2.0
935,79,1.3
936,85,1.3
936,88,1.0
936,87,0.7
936,9,1.3
937,91,0.7
937,95,1.3
937,85,1.7
937,4,0.0
938,81,1.3
938,98,1.0
938,99,0.7
938,64,1.7
939,91,1.3
939,98,1.7
939,92,0.7
939,4,0.0
940,94,1.0
940,87,0.0
940,84,1.7
940,60,0.0
941,92,1.0
941,94,1.7
941,81,0.0
941,58,1.7
942,91,1.3
942,81,1.0
942,93,0.7
942,50,1.3
943,81,0.7
943,100,1.7
943,90,0.7
943,54,1.0
944,89,1.3
944,88,1.0
944,92,0.0
944,10,0.0
945,93,2.0
945,96,1.7
945,86,1.3
945,34,2.3
946,89,1.3
946,97,0.7
946,100,1.7
946,48,0.7
947,99,1.3
947,98,1.3
947,96,1.7
947,7,0.7
948,89,1.3
948,98,1.3
948,91,1.3
948,35,0.7
949,90,0.7
949,84,0.0
949,82,1.3
949,47,0.7
950,88,0.0
950,90,0.7
950,100,0.0
950,55,0.7
951,89,1.3
951,96,1.3
951,88,0.7
951,34,1.3
952,98,1.3
952,94,0.7
952,93,1.0
952,12,0.7
953,99,1.3
953,87,0.7
953,83,0.7
953,73,1.7
954,90,1.3
954,89,0.7
954,96,2.0
954,54,1.3
955,91,1.3
955,81,1.7
955,90,0.0
955,10,1.0
956,100,0.7
956,81,1.3
956,93,1.7
956,77,1.3
957,90,0.7
957,91,1.7
957,84,1.7
957,72,0.7
958,91,0.7
958,94,1.3
958,87,1.7
958,4,0.0
959,100,1.3
959,96,2.3
959,83,1.0
959,67,1.3
960,96,1.7
960,92,0.7
960,84,1.0
960,42,1.7
961,95,0.7
961,87,0.0
961,81,1.3
961,78,1.7
962,81,1.0
962,90,0.7
962,92,0.7
962,68,0.0
963,91,0.7
963,98,0.7
963,83,0.0
963,70,0.7
964,83,0.7
964,87,1.0
964,89,2.0
964,19,2.0
965,86,1.7
965,85,1.7
965,83,0.0
965,39,1.7
966,87,0.7
966,96,2.3
966,89,1.7
966,51,0.7
967,90,1.7
967,83,0.7
967,94,1.3
967,79,1.3
968,87,0.7
968,92,0.7
968,84,0.0
968,8,0.0
969,97,0.7
969,99,1.3
969,88,0.0
969,69,0.7
970,90,0.7
970,96,1.7
970,97,1.0
970,74,0.0
971,90,0.7
971,87,0.0
971,85,1.3
971,71,0.7
972,95,2.0
972,91,0.7
972,90,1.7
972,68,0.0
973,95,1.7
973,90,0.7
973,96,1.3
973,27,2.3
974,81,1.3
974,92,0.7
974,85,1.3
974,62,0.7
975,83,0.0
975,98,0.0
975,92,0.0
975,1,1.0
976,89,2.0
976,100,1.7
976,84,0.7
976,32,0.0
977,89,0.0
977,95,1.0
977,88,1.3
977,51,0.7
978,81,1.0
978,94,1.3
978,89,2.0
978,2,1.0
979,99,1.0
979,90,1.7
979,88,0.7
979,10,0.0
980,87,1.3
980,84,1.7
980,90,0.0
980,59,0.7
981,89,1.3
981,90,1.3
981,93,1.3
981,71,1.0
982,97,1.0
982,82,0.7
982,91,1.7
982,74,0.0
983,87,0.0
983,90,0.7
983,88,0.0
983,48,1.3
984,83,0.0
984,88,1.3
984,92,0.0
984,71,1.3
985,93,1.7
985,85,2.0
985,100,2.0
985,39,1.3
986,99,1.0
986,84,0.7
986,97,0.7
986,79,1.3
987,92,0.7
987,84,2.0
987,98,1.0
987,30,1.0
988,83,0.0
988,90,1.3
988,99,1.0
988,31,1.7
989,99,0.7
989,90,1.3
989,100,1.3
989,61,1.7
990,100,1.3
990,92,0.0
990,95,1.0
990,50,1.3
991,83,0.7
991,88,0.0
991,98,1.0
991,76,0.0
992,100,1.7
992,85,1.0
992,86,0.7
992,24,2.3
993,88,1.0
993,86,1.7
993,92,0.0
993,15,2.3
994,81,1.0
994,91,1.0
994,87,1.3
994,16,0.7
995,91,1.3
995,81,1.3
995,86,1.0
995,28,0.0
996,82,0.7
996,92,0.0
996,86,1.7
996,17,1.7
997,92,0.0
997,86,0.7
997,84,1.0
997,20,2.3
998,95,1.3
998,89,1.3
998,97,1.7
998,59,0.7
999,89,1.0
999,87,0.7
999,100,1.3
999,6,0.7
1000,99,0.7
1000,87,1.3
1000,100,1.0
1000,11,0.7
